{
    "andorra": [
        1.601554,
        42.546245
    ],
    "united arab emirates": [
        53.847818,
        23.424076
    ],
    "afghanistan": [
        67.709953,
        33.93911
    ],
    "antigua and barbuda": [
        -61.796428,
        17.060816
    ],
    "albania": [
        20.168331,
        41.153332
    ],
    "armenia": [
        45.038189,
        40.069099
    ],
    "angola": [
        17.873887,
        -11.202692
    ],
    "argentina": [
        -63.616672,
        -38.416097
    ],
    "austria": [
        14.550072,
        47.516231
    ],
    "australia": [
        133.775136,
        -25.274398
    ],
    "azerbaijan": [
        47.576927,
        40.143105
    ],
    "bosnia and herzegovina": [
        17.679076,
        43.915886
    ],
    "barbados": [
        -59.543198,
        13.193887
    ],
    "bangladesh": [
        90.356331,
        23.684994
    ],
    "belgium": [
        4.469936,
        50.503887
    ],
    "burkina faso": [
        -1.561593,
        12.238333
    ],
    "bulgaria": [
        25.48583,
        42.733883
    ],
    "bahrain": [
        50.637772,
        25.930414
    ],
    "burundi": [
        29.918886,
        -3.373056
    ],
    "benin": [
        2.315834,
        9.30769
    ],
    "brunei": [
        114.727669,
        4.535277
    ],
    "bolivia": [
        -63.588653,
        -16.290154
    ],
    "brazil": [
        -51.92528,
        -14.235004
    ],
    "bahamas": [
        -77.39628,
        25.03428
    ],
    "bhutan": [
        90.433601,
        27.514162
    ],
    "botswana": [
        24.684866,
        -22.328474
    ],
    "belarus": [
        27.953389,
        53.709807
    ],
    "belize": [
        -88.49765,
        17.189877
    ],
    "canada": [
        -106.346771,
        56.130366
    ],
    "dr congo": [
        21.758664,
        -4.038333
    ],
    "central african republic": [
        20.939444,
        6.611111
    ],
    "republic of the congo": [
        15.827659,
        -0.228021
    ],
    "switzerland": [
        8.227512,
        46.818188
    ],
    "ivory coast": [
        -5.54708,
        7.539989
    ],
    "chile": [
        -71.542969,
        -35.675147
    ],
    "cameroon": [
        12.354722,
        7.369722
    ],
    "china": [
        104.195397,
        35.86166
    ],
    "colombia": [
        -74.297333,
        4.570868
    ],
    "costa rica": [
        -83.753428,
        9.748917
    ],
    "cuba": [
        -77.781167,
        21.521757
    ],
    "cape verde": [
        -24.013197,
        16.002082
    ],
    "cyprus": [
        33.429859,
        35.126413
    ],
    "czechia": [
        15.472962,
        49.817492
    ],
    "germany": [
        10.451526,
        51.165691
    ],
    "djibouti": [
        42.590275,
        11.825138
    ],
    "denmark": [
        9.501785,
        56.26392
    ],
    "dominica": [
        -61.370976,
        15.414999
    ],
    "dominican republic": [
        -70.162651,
        18.735693
    ],
    "algeria": [
        1.659626,
        28.033886
    ],
    "ecuador": [
        -78.183406,
        -1.831239
    ],
    "estonia": [
        25.013607,
        58.595272
    ],
    "egypt": [
        30.802498,
        26.820553
    ],
    "eritrea": [
        39.782334,
        15.179384
    ],
    "spain": [
        -3.74922,
        40.463667
    ],
    "ethiopia": [
        40.489673,
        9.145
    ],
    "finland": [
        25.748151,
        61.92411
    ],
    "fiji": [
        179.414413,
        -16.578193
    ],
    "micronesia": [
        150.550812,
        7.425554
    ],
    "france": [
        2.213749,
        46.227638
    ],
    "gabon": [
        11.609444,
        -0.803689
    ],
    "united kingdom": [
        -3.435973,
        55.378051
    ],
    "grenada": [
        -61.604171,
        12.262776
    ],
    "georgia": [
        43.356892,
        42.315407
    ],
    "ghana": [
        -1.023194,
        7.946527
    ],
    "greenland": [
        -42.604303,
        71.706936
    ],
    "gambia": [
        -15.310139,
        13.443182
    ],
    "guinea": [
        -9.696645,
        9.945587
    ],
    "equatorial guinea": [
        10.267895,
        1.650801
    ],
    "greece": [
        21.824312,
        39.074208
    ],
    "guatemala": [
        -90.230759,
        15.783471
    ],
    "guinea-bissau": [
        -15.180413,
        11.803749
    ],
    "guyana": [
        -58.93018,
        4.860416
    ],
    "honduras": [
        -86.241905,
        15.199999
    ],
    "croatia": [
        15.2,
        45.1
    ],
    "haiti": [
        -72.285215,
        18.971187
    ],
    "hungary": [
        19.503304,
        47.162494
    ],
    "indonesia": [
        113.921327,
        -0.789275
    ],
    "ireland": [
        -8.24389,
        53.41291
    ],
    "israel": [
        34.851612,
        31.046051
    ],
    "india": [
        78.96288,
        20.593684
    ],
    "iraq": [
        43.679291,
        33.223191
    ],
    "iran": [
        53.688046,
        32.427908
    ],
    "iceland": [
        -19.020835,
        64.963051
    ],
    "italy": [
        12.56738,
        41.87194
    ],
    "jamaica": [
        -77.297508,
        18.109581
    ],
    "jordan": [
        36.238414,
        30.585164
    ],
    "japan": [
        138.252924,
        36.204824
    ],
    "kenya": [
        37.906193,
        -0.023559
    ],
    "kyrgyzstan": [
        74.766098,
        41.20438
    ],
    "cambodia": [
        104.990963,
        12.565679
    ],
    "kiribati": [
        -168.734039,
        -3.370417
    ],
    "comoros": [
        43.872219,
        -11.875001
    ],
    "saint kitts and nevis": [
        -62.782998,
        17.357822
    ],
    "north korea": [
        127.510093,
        40.339852
    ],
    "south korea": [
        127.766922,
        35.907757
    ],
    "kuwait": [
        47.481766,
        29.31166
    ],
    "kazakhstan": [
        66.923684,
        48.019573
    ],
    "laos": [
        102.495496,
        19.85627
    ],
    "lebanon": [
        35.862285,
        33.854721
    ],
    "saint lucia": [
        -60.978893,
        13.909444
    ],
    "liechtenstein": [
        9.555373,
        47.166
    ],
    "sri lanka": [
        80.771797,
        7.873054
    ],
    "liberia": [
        -9.429499,
        6.428055
    ],
    "lesotho": [
        28.233608,
        -29.609988
    ],
    "lithuania": [
        23.881275,
        55.169438
    ],
    "luxembourg": [
        6.129583,
        49.815273
    ],
    "latvia": [
        24.603189,
        56.879635
    ],
    "libya": [
        17.228331,
        26.3351
    ],
    "morocco": [
        -7.09262,
        31.791702
    ],
    "monaco": [
        7.412841,
        43.750298
    ],
    "moldova": [
        28.369885,
        47.411631
    ],
    "montenegro": [
        19.37439,
        42.708678
    ],
    "madagascar": [
        46.869107,
        -18.766947
    ],
    "marshall islands": [
        171.184478,
        7.131474
    ],
    "north macedonia": [
        21.745275,
        41.608635
    ],
    "mali": [
        -3.996166,
        17.570692
    ],
    "myanmar": [
        95.956223,
        21.913965
    ],
    "mongolia": [
        103.846656,
        46.862496
    ],
    "mauritania": [
        -10.940835,
        21.00789
    ],
    "malta": [
        14.375416,
        35.937496
    ],
    "mauritius": [
        57.552152,
        -20.348404
    ],
    "maldives": [
        73.22068,
        3.202778
    ],
    "malawi": [
        34.301525,
        -13.254308
    ],
    "mexico": [
        -102.552784,
        23.634501
    ],
    "malaysia": [
        101.975766,
        4.210484
    ],
    "mozambique": [
        35.529562,
        -18.665695
    ],
    "namibia": [
        18.49041,
        -22.95764
    ],
    "niger": [
        8.081666,
        17.607789
    ],